Price Band,Model,Count,Min Actual,Median Actual,Max Actual,MdAPE (%),Median Residual ($)
Q1 - Lowest,Linear Regression,2531,190000.000000,450000.000000,575000.000000,38.743588,-20709.569303
Q1 - Lowest,Decision Tree,2531,190000.000000,450000.000000,575000.000000,9.334566,-12999.833333
Q1 - Lowest,Random Forest,2531,190000.000000,450000.000000,575000.000000,7.243216,-11734.674251
Q1 - Lowest,XGBoost,2531,190000.000000,450000.000000,575000.000000,8.590727,-2122.250000
Q1 - Lowest,LightGBM,2531,190000.000000,450000.000000,575000.000000,8.674589,-11791.359647
Q2 - Low,Linear Regression,2496,575772.000000,697950.000000,800000.000000,28.817541,-99868.232612
Q2 - Low,Decision Tree,2496,575772.000000,697950.000000,800000.000000,7.672320,-5999.088608
Q2 - Low,Random Forest,2496,575772.000000,697950.000000,800000.000000,5.706178,-5477.215634
Q2 - Low,XGBoost,2496,575772.000000,697950.000000,800000.000000,6.642861,-1127.312500
Q2 - Low,LightGBM,2496,575772.000000,697950.000000,800000.000000,6.613657,-4416.580626
Q3 - Middle,Linear Regression,2485,801000.000000,925000.000000,1100000.000000,23.684152,-178701.017803
Q3 - Middle,Decision Tree,2485,801000.000000,925000.000000,1100000.000000,9.074055,10152.295977
Q3 - Middle,Random Forest,2485,801000.000000,925000.000000,1100000.000000,7.296107,516.216965
Q3 - Middle,XGBoost,2485,801000.000000,925000.000000,1100000.000000,7.566493,-6198.500000
Q3 - Middle,LightGBM,2485,801000.000000,925000.000000,1100000.000000,7.512312,-8916.644016
Q4 - High,Linear Regression,2455,1100005.000000,1335000.000000,1650000.000000,18.313696,-104986.157641
Q4 - High,Decision Tree,2455,1100005.000000,1335000.000000,1650000.000000,11.003774,25172.413793
Q4 - High,Random Forest,2455,1100005.000000,1335000.000000,1650000.000000,8.903276,7928.199456
Q4 - High,XGBoost,2455,1100005.000000,1335000.000000,1650000.000000,8.728527,-3227.500000
Q4 - High,LightGBM,2455,1100005.000000,1335000.000000,1650000.000000,8.853673,-2957.640654
Q5 - Highest,Linear Regression,2475,1652500.000000,2330000.000000,8200000.000000,21.758471,380689.417846
Q5 - Highest,Decision Tree,2475,1652500.000000,2330000.000000,8200000.000000,14.975962,167279.600000
Q5 - Highest,Random Forest,2475,1652500.000000,2330000.000000,8200000.000000,12.057209,139661.946085
Q5 - Highest,XGBoost,2475,1652500.000000,2330000.000000,8200000.000000,11.095073,101432.750000
Q5 - Highest,LightGBM,2475,1652500.000000,2330000.000000,8200000.000000,10.866348,106676.493125
